ticker,2014-06-30,2014-07-31,2014-08-31,2014-09-30,2014-10-31,2014-11-30,2014-12-31,2015-01-31,2015-02-28,2015-03-31,2015-04-30,2015-05-31,2015-06-30,2015-07-31,2015-08-31,2015-09-30,2015-10-31,2015-11-30,2015-12-31,2016-01-31,2016-02-29,2016-03-31,2016-04-30,2016-05-31,2016-06-30,2016-07-31,2016-08-31,2016-09-30,2016-10-31,2016-11-30,2016-12-31,2017-01-31,2017-02-28,2017-03-31,2017-04-30,2017-05-31,2017-06-30,2017-07-31,2017-08-31,2017-09-30,2017-10-31,2017-11-30,2017-12-31,2018-01-31,2018-02-28,2018-03-31,2018-04-30,2018-05-31,2018-06-30,2018-07-31,2018-08-31,2018-09-30,2018-10-31,2018-11-30,2018-12-31,2019-01-31,2019-02-28,2019-03-31,2019-04-30,2019-05-31,2019-06-30,2019-07-31,2019-08-31,2019-09-30,2019-10-31,2019-11-30,2019-12-31,2020-01-31,2020-02-29,2020-03-31,2020-04-30,2020-05-31,2020-06-30,2020-07-31,2020-08-31,2020-09-30,2020-10-31,2020-11-30,2020-12-31,2021-01-31,2021-02-28,2021-03-31,2021-04-30,2021-05-31,2021-06-30,2021-07-31,2021-08-31,2021-09-30,2021-10-31,2021-11-30,2021-12-31,2022-01-31,2022-02-28,2022-03-31,2022-04-30,2022-05-31,2022-06-30,2022-07-31,2022-08-31,2022-09-30,2022-10-31,2022-11-30,2022-12-31,2023-01-31,2023-02-28,2023-03-31,2023-04-30,2023-05-31,2023-06-30,2023-07-31,2023-08-31,2023-09-30,2023-10-31,2023-11-30,2023-12-31,2024-01-31,2024-02-29,2024-03-31,2024-04-30,2024-05-31,2014-05-31
AFKS,45.63348084273198,42.512942573453145,40.63865584032691,28.72006686574591,14.23700013373853,13.5985414124585,10.044260934389706,12.658954783888367,17.57089437431203,16.66968638417108,16.689829042489798,16.1534222731663,18.208583422386262,19.585635586396688,20.449645520603923,19.169110969241903,18.066758123517147,17.38320862621429,17.533129809183063,17.645666530664112,17.58811640813364,17.897607352934713,18.512214320528066,19.135174537561817,21.064510259223407,21.704100812335927,23.06800103006442,21.106217597216553,20.298615596874914,19.850342470179733,22.508802434012257,24.04938536026651,23.29806377601524,22.058055065755134,21.727739656619217,16.60816448535065,12.804924258625848,11.771795747990637,11.610160835117103,13.552582668602373,13.223886689577869,12.167831459296668,10.987341945685209,12.47997747407014,12.147829998092945,11.902280521393354,10.890795873930196,10.915859565025164,9.65299408442655,9.004311267523972,8.592920319396432,8.39532411352133,8.282136029974463,8.054051870648115,8.09255741003447,8.904370164281763,9.731432303011772,9.824778298706086,9.11919932088323,8.772641759526001,9.441294403810536,11.56410400955198,11.459622174769011,12.485041500671839,13.156373459297228,15.329404048091144,15.141182651448792,16.375940039857152,18.3842359377244,13.100306418136668,13.753480822655375,14.364972605085592,16.797685931463388,18.392931538263216,20.951653470775547,20.932777209771857,24.51905046734153,30.09288220559157,28.818290475147467,30.994529672753025,35.11577542051653,34.810179318649254,35.6137196126638,33.89667510696931,31.778808402466165,30.485577288194246,29.509940680577927,29.189873778426364,27.916120761900785,27.11768742931129,23.232581548947152,22.19762813879588,18.791607572248676,12.595172314068174,12.922201343699411,12.711387193153461,13.097726165051984,14.113423624727897,14.328397489191216,13.503319917075595,11.411275415636318,12.73837350116136,12.210265470656289,12.25944256266303,13.034058523028667,13.66570705089129,14.954781898668164,15.179227680528578,16.531637821373458,17.62047084731621,18.137982634428912,17.624942339170644,17.454871012447647,16.625026696536356,15.81079374582171,16.816436124726916,17.792003470258237,19.744494291225703,24.839885793486243,25.805827042406342,
AGRO,,,,,,,298.35781864052893,320.61166181505047,381.68439828753054,365.9663494889248,393.12179983447817,423.83854684615704,472.47354469770755,493.576946399647,552.9766798025438,570.3548140183628,562.4888904170668,757.533636688581,917.7071577319189,1044.924814490383,1193.3802249996968,1225.292038144809,1125.3004729813667,974.9820159291633,909.1032077893923,929.3090654031321,935.8538219452836,856.8669845731142,832.7577978420517,798.3907898205356,807.9694231452494,843.8652808664826,819.4863401689012,736.0817705384151,690.5533310667792,692.9217393818419,627.6691623707177,720.2696416490232,709.7503093236676,709.6131776684374,686.9623589352063,696.7049995693988,620.9301158346325,583.1443215413784,576.5359542191749,587.2337908253354,646.0514258037064,687.9993130198268,693.4476522712123,673.0321211546966,685.490746505959,694.6620881462984,676.359705509672,699.7694176391839,759.8887065150018,798.387443066069,824.948913304837,776.699708012408,740.1575167806991,745.9368721964787,755.851612616746,745.8614946745502,733.7590894083495,713.6367174879922,681.8299492919125,673.7705294695613,633.4821786761169,651.156567496163,642.6859662401162,539.3693628667936,608.2058166439379,620.7063228220334,653.8442862437661,679.1312575302965,738.7147765763416,736.0778257579389,743.5155277274905,803.8281020502347,811.2420701034672,888.0547987632741,891.3691245168199,907.5421361761139,915.8841774954889,908.1344424017653,984.190277994447,1052.9617502384926,1127.9945231540403,1167.1846138720866,1189.4007324961256,1164.3687038621342,1137.0624636860928,1116.2545646756125,1042.6148507294392,1126.2451281512772,940.3397150374393,863.0167819414911,855.9151406191673,809.6297823673807,858.7702646023033,841.2634723025334,796.4522506260439,783.245915627533,687.0810392396183,675.5562479353663,687.5956292417911,709.8487958664892,767.728263649784,745.5944065642192,908.2427623848304,1044.302721901267,1127.3444171380245,1199.7563070278843,1363.742438173638,1477.4837686036342,1337.0390332083273,1420.0523823076398,1403.4203196278859,1399.8177278414985,1480.8764902512987,1581.538453884994,
ALRS,41.82068087239409,44.35328709369806,43.91927342535915,38.57300282984865,38.330676257102034,43.13889477527514,54.07028628947476,70.43160791096516,75.39649946778634,75.00494971686255,67.6704447111597,69.31567947765555,62.79360332823243,68.91305035500058,68.88384143740689,61.38572600309985,56.60757052316422,52.69631427914933,53.796199205682385,57.084040070055075,67.36788875966191,70.70130132030417,72.2082900633983,72.58160551049676,70.88310140897373,69.84998305656839,73.84981229511925,83.43105298780992,88.72277149213585,87.74800708174403,95.7405618307619,102.10323829716232,100.52001534320753,92.49275748504641,91.12411083876245,95.92561682980246,85.03580008316564,89.8838101739721,80.99717222457684,80.37018315701755,79.29325496980329,76.56213280589759,75.04290654475429,79.459666684126,85.20668863462667,90.765528686796,87.70204824114361,88.64417556736821,93.25185608007989,100.32996442413834,96.43519795165695,104.12845639004706,100.45997349826979,101.4716961317615,97.84476755607722,101.05651478030988,97.48104562970784,94.62112496093569,94.60659385573003,95.55906916878682,88.41926028941438,82.29487642891745,74.05304183110678,75.01302638984279,72.42941811866984,76.52534039014589,81.00866042240911,88.12176334637267,81.25108613213216,63.33006620408811,62.78653984034244,62.280205397543945,64.86532384299144,65.14386672747072,67.94530009269533,71.94118746895323,75.0063734049496,82.7467760391553,93.9897280548199,103.15032961768678,101.24726388540569,105.98159257198121,106.66947773668012,111.40496973386091,130.94361411257165,129.5442547901184,135.61420436304945,143.4735902224455,133.55388584895587,129.80852584520935,120.14486652498171,113.97637860732998,108.91736577797916,89.33467787509265,83.17115210840659,77.82088264071082,69.53854748475067,63.758236379805396,66.46002534465653,70.65275505444778,66.25340178809958,66.12271082570203,61.14392129608536,60.43753978404766,60.7307469201914,62.695254427192395,67.16370957450923,65.80013438701603,67.3928914536206,77.62950241292921,85.67116321049498,76.62719576856887,73.66159441167946,68.2543240789768,69.70558418858216,71.99118090641211,70.0667961056358,75.1851184878839,77.08644543292895,77.79108009290572,39.948381660367204
ASTR,,,,,,,,,,,,,,,,,,,,,,,,,,,,,,,,,,,,,,,,,,,,,,,,,,,,,,,,,,,,,,,,,,,,,,,,,,,,,,,,,,,,,,,,,,,,,,,,,,,,,,,,,,,,,,,,,506.4854979746946,505.36490421019477,485.46401702438993,531.661813391931,556.3592043130079,598.1663429184855,632.2541294142648,617.43527310184,
BANEP,1748.7250041427712,1657.204937315006,1480.0653389832542,1170.7044327172152,761.5443620139157,923.0492329416834,878.2667653835996,1029.376975915837,1255.6818908588657,1283.2355594994078,1438.874069352816,1683.9167568833045,1458.4735984057004,1344.9557458056793,1348.2988114115487,1439.8640891999903,1510.9866882957517,1655.2078687985609,1767.1696944660073,1709.6378632375936,1825.9120881544627,1873.541860872339,1879.1405845897264,1956.7050278825202,1950.1382104939282,1893.3993592449926,1936.6639620183237,1886.202268443349,1535.7563445059798,1391.7473527262766,1317.399595458973,1318.6525177675148,1378.6811487393563,1242.5695650580647,1214.266880023981,1255.337050872548,1105.5867183846149,1201.8446566135099,1248.146652497435,1257.0535683511257,1423.3546330871472,1533.367682262177,1398.905526621601,1440.519905838799,1523.5149075580869,1653.9205620166456,1737.8747546881123,1848.740442975842,1730.454888674188,1648.030108003095,1679.6517100097167,1768.2439645576524,1842.031890929825,1857.5954088425121,1824.0681482738141,1830.2160395776039,1864.5901065110877,1832.0526915764008,1836.3649098645144,1838.3078314416261,1722.0071538520579,1627.623539520655,1584.1038878668396,1615.123840644678,1634.1016878768046,1736.6905115978843,1723.0780054003508,1789.4986223562378,1791.8443738749725,1376.8916351901323,1375.9960153353195,1408.4153028902433,1451.1984352401805,1357.3761632307724,1354.9854958328438,1282.912428329338,1203.9327594494798,1232.6865646839465,1205.6392076649233,1218.7419402310893,1179.6956111907693,1247.6802527988696,1224.5422546920825,1193.572100251351,1164.137886274441,1059.000818660231,1037.85454857381,1077.2747253873802,1155.6879216971752,1100.9496318123413,1000.7578270747788,1008.0960335640536,955.8281210683488,599.8305590076244,650.6449912931379,639.0982525127384,833.2383262731869,710.9057877764371,683.4011890006383,675.6026107117985,607.2955215822911,697.6000261714626,678.7132127399886,725.6776004972598,790.4955946825337,885.0457436914932,1041.863618785124,1153.3634663436467,1728.0529060492322,1386.7898155241026,1404.280655590792,1437.2851163740552,1566.9322716150918,1678.980065437386,1701.6810983509993,1970.5152330852693,2121.754016232352,2133.208267592409,2302.790801427254,2350.5847501714393,
BELU,,,,,,,,,,,,,,,,,,,,,,,,,,,,,,,,,,,,,,,618.4040193199015,610.4929100910452,631.6045603694208,640.5456078647376,636.6485618094435,632.1571744467989,637.2954425370498,630.995619724281,624.000825239532,663.0411329205798,696.2282216726093,681.3930382713594,657.5078952233855,633.5585693227296,604.6815799214273,567.095378835249,407.91316790729735,411.22836914452125,498.7750173511928,498.1934525635622,484.21163456159087,480.24430005306357,478.650999513251,483.44431518600726,502.7577663815301,615.0030600968137,653.8962358926439,677.9163558748277,681.2034986059904,840.5471049757041,1048.7913385083875,1119.7192289590162,1394.493452272893,1471.1670781028474,1330.6940748981374,1350.3051442069134,1315.0009155924736,1297.836810169666,1243.2744196215701,1308.7762937307127,1339.848197536294,1410.1530070376828,2509.4487975800885,3082.6590456353065,3634.5838449401767,3599.559019804921,3014.508873970475,2650.955340706061,3143.376973264235,3303.223300624051,3586.111343446424,3872.988151866141,3450.0253172753905,3338.6829638278846,2990.739458035513,2543.0335133456324,2503.1744785079745,2398.758109975212,2325.647864098906,2422.021794265821,2616.1256745416163,2870.234556706188,2743.5376329474147,2784.544096877548,2784.013741327029,2851.836521179699,2893.1988906429174,3583.7261758361037,4445.586677759851,3987.6480905220633,4214.081871778079,4620.644909285757,5623.2616134488835,5857.92929904978,5636.258336238639,5576.019230902261,5146.435028117739,5656.260238920455,5672.799707981795,5824.912096288217,6071.183384446249,5974.160816433507,
CARM,,,,,,,,,,,,,,,,,,,,,,,,,,,,,,,,,,,,,,,,,,,,,,,,,,,,,,,,,,,,,,,,,,,,,,,,,,,,,,,,,,,,,,,,,,,,,,,,,,,,,,,,,,,,,,2.8412183897743684,2.8891723050381644,2.701712585255317,2.604671893085761,2.608122793460669,2.331926009532162,2.3997719517047207,2.377952611217734,2.387829214201705,2.550623909993768,2.4348867233226312,
CHMF,288.50587261355656,300.96263382288623,346.3845185764714,374.1330265276805,411.275877591339,483.43320464903934,494.56870713141967,588.0053868753727,684.6272527122838,693.4519788545394,594.6755251836798,578.9525574752846,599.9944955112744,608.8405400660723,698.9646333859384,726.2939430205397,702.0221613395933,728.2706009523262,642.670606496284,626.8509643184356,643.26268433133,671.0981578660289,767.2493714673036,712.5263540935208,672.9983454441495,718.2702920796107,791.6292172553973,771.6255071078917,817.7473621023559,919.6986742922845,951.9132338339813,943.4571114114088,905.2010416042289,822.9190198347308,799.8596561782431,777.8845135273557,727.8503658981597,823.7103281793449,856.3573545625865,895.1823928826713,899.3155467080672,901.8547579462396,886.5960960527248,937.1018042007585,931.7934659304777,885.9251780770629,923.5840945550976,985.8570064917602,990.3145261550347,967.6958581173519,1037.1794543671786,1081.2480370044036,1054.7460818632378,1018.5159628026049,946.980632459203,954.6379303781008,1018.7296675962021,1022.1412020720691,1043.873315593195,1037.3766999713814,1074.2247029346236,1052.7704988302423,969.0594700503351,981.4869184724918,886.8254968143135,902.3208546033559,909.1746965852296,950.4610854396167,911.8329715478911,819.8172531851933,876.3251944477245,873.2432321162394,903.892354491524,891.3829777436766,950.5083099174434,967.4798620200462,1018.833497753618,1109.3005848038028,1243.7015530557085,1327.3618914012416,1297.8638710391629,1396.6957794991033,1679.300487068035,1758.780055642664,1636.5696538539487,1668.2110289085067,1737.4978350901908,1601.4284846127762,1585.1039956331483,1654.2667077733781,1550.858629399701,1519.2032409122544,1560.977282291866,1137.9738586106994,1053.8914615601961,1095.4512152469613,773.6585292014166,758.6452976123031,710.64818176008,727.4931509266412,664.7675519217721,790.0484869365044,843.901673436791,890.5934673502745,1005.2539820563123,1046.4772838131967,1025.6866419297314,965.8313241510684,1100.0678034029663,1258.8843127181794,1340.1954434049494,1338.2128280671143,1380.9906996853301,1343.9819836342692,1300.0196901769627,1543.5908839503015,1607.1280909988623,1749.706729017907,1860.2524116074442,1913.1714903217203,
CIAN,,,,,,,,,,,,,,,,,,,,,,,,,,,,,,,,,,,,,,,,,,,,,,,,,,,,,,,,,,,,,,,,,,,,,,,,,,,,,,,,,,,,,,,,,,1134.7207897601731,1006.3055331273001,691.3943799467988,618.828141145556,432.24463046655336,360.77777283774225,337.57936089403444,291.54696031695175,268.50291427858747,414.8003705201604,428.6395193119935,387.20098179283997,441.8218483414542,386.0335267176301,394.2021339254384,411.09677724965786,436.4137539794411,496.48958513403306,473.57408536152053,676.5104198668505,720.4902362121715,805.8320536487054,801.6066369901795,754.1551611425573,696.1100920071523,596.7560608909711,703.3503357622853,712.9441822051883,775.2503777530112,920.3853702266924,968.4081616524006,
ETLN,,,,,,,,,,,,,,,,,,,,,,,,,,,,,,,,,,,,,,,,,,,,,,,,,,,,,,,,,,,,,,,,,,,,,140.26769741753714,105.74715239346722,87.97722998346532,84.0882134942499,93.05288364948197,105.10066016288091,112.168006046927,120.10181653221107,126.13071906344773,130.15806359661684,122.78756330727032,131.68972015961654,133.96830911942567,124.1917349587749,123.68247416265577,122.64852733247972,120.42510020391408,120.44788962903827,119.86712965620032,123.28916964273817,113.12378984777013,107.50940571471794,90.518607763233,91.14032238502996,85.06635551374568,56.531581764547255,68.75554624025207,61.95724491785447,57.138538962448784,58.15137031381871,61.964495166279846,61.185608957063785,50.03359354715264,51.380695019581836,47.86582182223922,51.991189340255175,54.06453432253782,55.718345899690576,63.006554232830126,62.67481584983638,83.44089725882455,89.6892482434127,92.85441244163526,87.0804781757539,87.91253548506187,82.02187720288497,76.47576648110059,86.68898181263042,90.5872086697025,95.6704621407569,97.63521341260159,102.21337854860136,
FEES,0.059233627559738475,0.056367535657290066,0.054445031759735724,0.05600629351731124,0.054874438029592396,0.05409814504260456,0.045787977334292435,0.05067038770151523,0.06047615359598664,0.07141888902166929,0.06680538993821071,0.0687312600990263,0.06494032913281202,0.06404978168286656,0.06477046185277854,0.06284062992191224,0.061173113030165704,0.062057825311775325,0.05957035460551692,0.05776909059728034,0.06223216608747529,0.07455786590723891,0.09457852413187151,0.10712241937642512,0.13774769020593378,0.15427731259488833,0.15859837802597798,0.17484468428601324,0.1702334929567997,0.17611359799999335,0.2004309039206067,0.2132144543458857,0.24378894214544639,0.18939393478654676,0.18152051914770928,0.19353374803427092,0.16218871635364726,0.1735050029264519,0.17113002348916487,0.17352060869080163,0.16833893342751224,0.1640274662842355,0.16226646582781798,0.16995403986533641,0.17455008557742252,0.17626216371032247,0.1742968860810961,0.17598632536615186,0.18366558806681715,0.1805007589454564,0.15692061919098885,0.16158138857461882,0.15606089546264623,0.15348656314176565,0.15323206326116792,0.15641171566819714,0.16612705971246033,0.1665132363542904,0.16543570715874983,0.16578571078792673,0.19173726978061026,0.19100728015832097,0.1745952314947209,0.18444849259488583,0.1828294818768298,0.19254283014312806,0.19651257495029867,0.21257829172768275,0.2272865072384386,0.16642225944473057,0.1754965520237369,0.18350087247215213,0.18621968775703243,0.1927333441438897,0.20103905594471713,0.2003924176524593,0.19095183748537572,0.19773277860438646,0.20871286282038168,0.22151797205673693,0.21686780565282468,0.21323756189015006,0.21309744896561816,0.21721962283639723,0.22188819947009278,0.21426664635943393,0.19657328471245342,0.1935340251794008,0.19203740914142184,0.17825081491038897,0.16519658228335032,0.15736232446123732,0.1313760115687337,0.10398148514494328,0.10235547859722677,0.09991370465230037,0.08966278358662448,0.09322515064266008,0.09107329112545386,0.09093251025940571,0.08321555973024596,0.08724727543092389,0.08535619319553099,0.08612347584373266,0.08783946001181693,0.09229720897956693,0.10451885956196602,0.1059947198972655,0.09875529728002122,0.1050479568917696,0.1268775823021895,0.12661919909216857,0.1212678292645144,0.12266048056718745,0.11042911114075378,0.11842391563296362,0.12386765681594347,0.11895431096916706,0.12315004505945608,0.1297854296667277,
FIVE,,,,,,,,,,,,,,,,,,,,,,,,,,,,,,,,,,,,,,,,,,,,,2066.52604392212,1924.4386424055908,1914.243923623477,1829.846288004295,1715.2364040679108,1720.0870225332017,1612.337732756319,1578.5767500134184,1434.4268327871814,1602.7050408590865,1672.4514199705498,1783.3631479912212,1773.712703695762,1638.7912744946977,1725.3625137723832,1957.5190612356926,2086.3310138729007,2174.8545183592196,2137.321204393553,2276.641437526659,2076.8078843554504,2177.3863510451183,2121.3224147716064,2162.5088782741386,2207.8438129167725,1937.119061950756,2187.679912387513,2200.8104618310786,2267.71508169035,2623.122516807019,2808.0845249464905,2760.4329417291283,2913.191481264272,2749.9519007376953,2783.01170817457,2779.934035212058,2605.8444201339526,2464.233930640156,2387.5559941749293,2362.6791471732968,2353.2256629453354,2433.576109946855,2446.20904202173,2358.729613827998,2396.3339069029635,2311.126981535924,2026.201241287077,1845.4607493150731,1670.9205379488099,1275.7625084170402,1190.2473422488906,1063.6002772170007,867.7923946154688,1182.389892611935,1327.414015927713,1330.79473926599,1478.625665660511,1560.338754438018,1537.8394368298884,1510.4978678890666,1485.694939485741,1452.6182680134755,1481.1940841664186,1439.208306629395,1512.1041832494661,1792.9754782310113,2228.090287099768,2288.276792715819,2340.353815885315,2235.639017393671,2011.2917586567532,2273.305464985639,2447.447660551609,2771.652459497427,2845.4657764333547,,
FLOT,,,,,,,,,,,,,,,,,,,,,,,,,,,,,,,,,,,,,,,,,,,,,,,,,,,,,,,,,,,,,,,,,,,,,,,,,,,,,99.55105178207675,97.32730767277849,94.30195105314242,92.09621776778539,90.68476759218808,90.80018629986128,89.72807228531862,88.84029261330002,94.22157814415354,88.44798121813109,87.19371063771935,86.03858937954405,86.42130482597156,84.02064846434335,77.00102957436083,73.21929719506365,65.28561210756526,43.112208252815925,49.28468102739565,42.74200931822958,38.44569365295629,37.25410775635041,37.902154988823035,38.60548473418379,34.83420189247521,39.00335070378768,38.13142724246492,40.99554436469124,47.31315166098666,56.99749780622487,60.6965174524005,56.97328863088289,89.15394920533434,93.29636070591098,107.80607769575374,112.06572815634341,121.22657098396144,125.2115626360487,128.7020037738564,142.2186566099707,138.66508223891265,132.87032374417737,133.57993183842004,133.83032822576814,
GAZP,146.71810285127165,142.65070716343874,131.86681811278277,137.1077449311278,135.70772783349665,143.96127225465324,136.95051895352827,145.86753746691718,152.5667177384299,143.49901948893609,149.05470862836873,154.44138634413991,144.51768382189235,141.54987770874783,142.048223924656,140.1604051452531,138.67181040601588,141.35732796682043,135.4513841893721,131.33988248146426,135.2564465268126,145.68863686037128,152.7120202360987,160.57583838843766,142.69501532153782,141.05906682166528,136.59753960187524,137.12891429074486,136.08910403428516,146.36866156543684,153.6013937068291,153.1940320337829,141.79735621721863,130.33150785324702,127.14468664264464,135.52724026729814,118.3820955666852,121.4013256391948,117.64443506238696,121.09525391867253,125.04016827847458,131.39625408512234,133.12666722993714,144.15059564015462,141.4942927088867,140.58721818125053,142.50903603661803,144.6891112017546,140.70753408157384,141.96894577818165,143.23507901167076,154.4954854358693,161.8561290016614,154.42385049548707,155.3348167686003,159.59536507689998,158.63019922324332,153.2170395682325,160.34357846882634,164.9670133957326,232.19210772998585,236.31095647732883,229.38034243824856,231.97783150872147,232.7037068187217,256.0860155953999,251.84048013992188,246.9043386392363,229.18566094139135,179.41939384286778,188.10085535061225,187.27957795762,198.04386196378874,190.13952331574043,187.51197930481953,177.62415705430655,165.11328108413593,176.74744011745972,199.79277314948607,221.04362102689845,223.28849678166057,227.09891061416812,229.10632426094568,237.95079754310044,274.4410741157183,285.4636628790774,292.92019130896466,335.0369966225894,365.9674581449889,342.3266048329562,336.0001868263825,326.870484594444,307.0215476203683,232.33389035792538,231.1544501972718,237.80672659400201,300.0966058265083,192.1498316297012,185.23742091607528,234.71936814113562,175.54613506700048,168.7858657138906,162.08797498149133,161.43174833739235,156.90370512756616,165.58447239224822,178.22953132237316,174.3256040927782,167.0057377337711,169.95989135197266,175.59146216629637,172.92159839272597,168.72245055404446,166.49012414773375,162.41928210616751,163.99703197673318,162.2073670239708,159.76373869206085,164.0768952345155,155.4968554276682,
GCHE,624.6485939712092,617.4046860642762,637.8799755520171,663.4175666442733,712.9488976487039,744.1913653315355,732.5240537144645,681.1190224400685,724.6780692084991,776.0690550816141,732.0679861276858,726.7298419447018,746.6992720675679,774.3421570146282,874.4002889407122,892.0642427022999,860.6730184324421,933.6969010908155,1038.2024736328133,1031.6826026627568,1038.999343548041,953.8872332977763,919.6256884112629,901.3053582208337,883.9187405187284,844.587934181683,838.7372175469137,809.6989630564799,753.9973952847653,773.4123858418928,765.5356151454785,801.2923666304249,844.8245508718176,847.1908050170089,987.3819753605125,1059.1424871819909,1254.5181335370987,1262.6520097750886,1264.5832595920008,1296.2365076581084,1250.3093307803067,1179.5545274163642,1160.8650888085951,1114.936264188,1183.501771819179,1287.0342653059804,1108.9988411672132,1098.866158388689,1053.4158541111424,1080.7722229868082,1088.4152370071106,1101.0414191320563,1097.0970924589644,1089.1852976771054,1098.612704977609,1185.0481615819801,1362.6781584935286,1785.671992022247,1709.2405575155697,1638.6412263856557,1739.9543197216935,1879.7155047142896,1845.9004973169824,1833.3427817505446,1802.104530682472,1776.2715487804599,1716.5045474735348,1944.7272876771415,1955.478315312542,1812.78782262129,1786.1943027767607,1715.957197531956,1742.0069315570713,1753.908097270746,1837.1160914125091,1879.121367960067,1844.2154177885081,1885.3034531095814,1978.2888114337998,2050.9949455223555,2065.976816674362,2415.8469230564488,2269.901095485298,2263.941715076889,2255.983453628833,2265.6745131253865,2446.1979403489886,3074.625374586962,3305.8782854558876,3335.061579093341,2888.700568920575,2974.972026012803,2964.7898667130735,3278.0415585993796,3097.4160674726577,2868.448193417819,2756.856374304369,2587.802591364011,2736.4126656264325,2719.8489056199105,2508.576876798414,2678.706995837708,2740.78245961725,2805.666966759541,2942.2486303430883,2954.93624207999,3118.0953021589,3025.797229846268,3075.0861351915282,3266.9750267574655,3881.0415085421446,4287.606445055032,4162.066372569463,4001.4939774431336,3839.6617449676364,4237.905456856414,4499.4670566291425,4695.284354384391,5181.550351687924,4996.575294181448,581.9843651265024
GLTR,,,,,,,,,,,,,,,,,,,,,,,,,,,,,,,,,,,,,,,,,,,,,,,,,,,,,,,,,,,,,,,,,,,,,,,,,,,,,457.91853770055906,454.1712494587085,443.3360882337256,500.5580739639495,503.9713278938187,505.22138213955094,490.5654756105419,465.3639939217888,510.06782221250336,526.8205044289749,580.8756789594274,570.2552006935645,604.5935426161491,590.7181152506647,584.1331166045578,568.1375529906093,511.6367364351736,359.50680337527166,365.4837292408262,361.6279465344246,331.0401689325655,290.2970127871772,320.7216379582892,328.4858966607324,292.63495863482984,281.92976079027227,276.2982467704491,297.66315645843355,335.3690316313492,392.635114741078,450.45494141173714,421.2852012577183,493.4200027690805,559.8012710841258,692.8918102376367,673.8178784865687,646.322053372656,630.1790729223013,594.4229780763637,676.3107159092569,677.4552740409029,682.3390849665816,801.1355373363857,801.3467020692475,
GMKN,6810.752337631694,7091.423395278101,7092.3546508186555,7408.460628420999,7279.945200993701,8276.387821455995,9213.761056283798,10009.908673569822,11380.515857400196,10656.80998847915,9795.82351682559,10296.405862799355,9629.223682441654,9294.354694603371,10064.102627182107,10516.545222533457,9545.366223213521,9473.104529346043,9098.75639902739,8766.585132275388,8723.095356755364,9169.300384546692,9096.16433854396,8882.424247787463,8603.049969326104,9105.820676118814,9761.78438274514,9704.694378131491,9392.052373187718,10048.883384178325,10462.260970701116,9824.863272146236,9806.149657439877,9077.393653509665,8828.85607403486,8711.010476612462,8039.245829256203,8515.014033334775,9124.81849147765,9678.96144575131,10456.057723124057,10916.754236822148,10443.214022942546,11474.193450564475,11365.6987750758,10959.591686473414,10522.193720116979,10974.243056220423,11311.223470267203,11040.267371713793,10946.98710505262,11538.45984685485,11195.471052137076,11827.026486709436,12894.395817908397,13281.701562174427,13868.595010617519,14111.099218659016,14371.315374233525,14199.278645462642,14171.146487012733,14441.554376171547,14989.685986693326,16145.160118415899,16573.909532556027,17677.706140622246,18835.239007322878,20694.33053153371,21556.08855830729,18941.19699084331,19887.966162676617,20140.496129399493,19980.438330725236,18715.90733658295,20285.98933802675,19345.64245686406,19342.605205987005,20637.971519807088,23335.23570620046,25683.81336337847,25572.87256051218,22888.822386019307,25040.461908839483,26619.888931261645,25663.788328394716,25103.123445569505,24508.042021029625,23515.694519606077,22583.265489128396,22089.017821933816,21843.92460151346,22441.414216216806,21373.44891173169,20928.09045783195,20714.00845848113,21536.29347502461,19263.892748111142,15779.437530611574,15226.721941726306,15340.285353333167,12890.70819286086,14424.808231329036,14855.620073290478,15233.703383636384,14750.057636131098,14761.362676081499,15490.337625385713,14439.591210122342,14975.568972636569,15680.223907917505,16367.200830769376,16370.109242818402,16679.86630938605,17333.56156271804,16743.562058986332,16181.215166312219,15235.654311393644,14988.59877331774,947.1939279243808,154.63807602111896,
HHRU,,,,,,,,,,,,,,,,,,,,,,,,,,,,,,,,,,,,,,,,,,,,,,,,,,,,,,,,,,,,,,,,,,,,,,,,,,,,1913.628438623917,1823.0942818375624,1900.4641645711265,2097.0681758387555,2175.1059152917346,2390.8441004279825,2579.951931048274,2809.060773413612,3160.4015362992877,2778.4254764860384,3231.026818005179,3622.222356955735,3859.464608034749,3908.7896624148825,4168.289887097993,3890.974457250895,3356.2514381261644,3230.6002522782273,1676.717481509253,1884.9466568215742,1561.2188111626674,941.7413451496359,1004.1015581959916,1600.3640132138332,1273.9382565872634,1225.7860192337268,1373.9493826979092,1304.6815539588147,1282.0207448230383,1353.040085303278,1311.954991899855,1539.755989704958,1504.4667123104257,2138.450166793297,2229.186420730631,2952.493283460906,3437.2975705075582,3684.4505413523493,3619.568178092918,3043.5329085986077,3160.642772768014,3533.0069732228076,3847.411314133061,4762.2581173352255,5053.2339047817395,
HYDR,0.7204403430050783,0.6529327102407537,0.6657437245997349,0.7156798170266435,0.687891559724986,0.6768625067319775,0.5448481245633946,0.5511943564580686,0.5687743437808517,0.5680374725002282,0.5705929800655687,0.6162849378018677,0.5701295139211142,0.5256988122540579,0.528410957227054,0.5760095366968625,0.6302693129880527,0.6073386002647678,0.6315634020352417,0.6510889323111834,0.6800543914119643,0.6862119454385728,0.6899628688530911,0.6743325381020078,0.6027720946475488,0.6415489435051113,0.7115382048184881,0.794919264703982,0.7802346638550327,0.8108421358348379,0.9372888097087965,0.9996653636978019,1.049270847080465,0.9472420244339311,0.8990562620183173,0.8872796269972261,0.7943400286463271,0.7987576665782379,0.8139589734991598,0.8207734439570997,0.8473292478756931,0.8293632744820526,0.7776712287230614,0.7683814255050678,0.7536792970328241,0.7620332085144467,0.7430801746923124,0.7464878011010847,0.6936500350262846,0.6811366629648231,0.6386841477281857,0.6235378055165258,0.5825407444685085,0.5388883915061966,0.49377879999150404,0.5050292768540412,0.5161524885359839,0.5020333937557363,0.5238159869103033,0.5383327360541635,0.5878853004910592,0.5833841878273771,0.5462067461146687,0.5420800369804246,0.5093351421158367,0.5320100576508688,0.5427856130865203,0.6490914473827588,0.7182451200508408,0.5785614421759083,0.6226234988158618,0.6320928442513137,0.7706260369865533,0.7609307268843563,0.7482295833710169,0.7477657674185145,0.7322172283345858,0.757698749491436,0.7796703674655344,0.7980653292416899,0.7961318746082325,0.8084636568288199,0.8296539912301056,0.8333423391035979,0.8492644043037174,0.8237891504345516,0.8275774750100177,0.8140894227522429,0.8219415383654772,0.8059334875619157,0.7335593401356838,0.7293686283255875,0.7275214834649193,0.6580286294348173,0.7762131389828061,0.8005414695384588,0.8030653512433439,0.7803919375372627,0.780778073911037,0.7632401861207584,0.7130991448830153,0.7742543309472376,0.7421827040973572,0.7649478523040022,0.7853809423636272,0.7918025563635048,0.8351165497538642,0.8026717386950148,0.8633888464430025,0.8392893822198592,0.9021617672707325,0.9177547317086898,0.8519348581099007,0.8029550985175958,0.7297707555677775,0.7593444928190086,0.758245872377477,0.747490664863995,0.7321168042465985,0.725104486387339,0.631555678873923
IRAO,0.009543178030485705,0.008893995293148457,0.008649164786959642,0.009131103904319203,0.009274493946470685,0.00939519535745651,0.008093314903546292,0.764048610309119,0.8346939927381051,0.9250478924385961,1.1483125483406647,1.2249258941439725,1.1793467290278787,1.1687401780243458,1.1085703483804876,1.0830247757954536,1.1521330583634954,1.2129952385072862,1.1020458404579847,1.3180386999996718,1.4371924801520746,1.6712533192488714,1.7858078101973471,1.7798235781538554,2.318699810463242,2.5971912586206813,2.654276139262039,3.0964408211320347,3.2742217379582184,3.738352564070399,3.7713958625819446,3.9889763624658356,3.9071328184131415,3.890973365259192,4.011511144795458,4.075163960524762,3.8642590656799904,3.7936868858007156,3.8418927747265816,3.8462518810561397,3.6988483968186014,3.606037716268468,3.507571555108661,3.561679642651337,3.7449332483104514,3.75735393052112,3.8706112710550555,3.915230496211983,4.1069335675412555,4.227817466632661,4.015698052749254,3.998280379948084,3.93143608958745,3.957671555591715,3.9233210998256007,3.899254489554255,3.8648181312143266,3.8446820383123983,3.788544385745789,3.873901621597095,4.495187591094875,4.5833497635079885,4.205360493389062,4.515770436816313,4.408041842603748,4.499517229371693,4.716856507520917,5.784537481193583,6.032789396779751,4.862294287809122,5.071092386116717,4.922434301132407,4.959677634337574,5.384745425974094,5.543644283848383,5.55527169336615,5.269336528680685,5.195445030847757,5.2589227631082345,5.421998948215297,5.261393919356328,5.075985045141679,5.007743407762684,5.0283165534159835,4.9485954889267,4.550425175256258,4.355538606858388,4.670074000155467,4.9502962879782375,4.618910174316786,4.286239580521165,4.1319488885313245,3.519387494027354,2.379062169785273,2.5974476915767504,2.7434806460933068,3.366230226697522,3.325548523364608,3.092519033505432,3.019982371343831,2.8311292232152083,3.1595254609949555,3.2185185957511666,3.4648256490808405,3.4268302308188803,3.496085754319198,3.922004187844859,3.9893039647196438,4.083204032294436,4.087972380139753,4.160063046021356,4.289403708776465,4.4214463373966195,4.242391497261021,3.985682396987915,4.059824170804051,4.0570366034691805,4.071723821325669,4.253640332373089,4.337311489923645,0.008479788887053086
LKOH,2068.4899613614575,2032.1694791571363,2019.1810040116882,2107.3528704637606,1994.391868715692,2174.7917481946897,2334.6560193703367,2664.7930408312122,2994.439936902516,2758.9141260598544,2673.6331775970057,2659.0017468550122,2487.761876727448,2445.740570186122,2484.4562363004384,2392.5599339979613,2301.579195581892,2530.618482345289,2404.4907090923557,2279.325248484622,2505.7863095889547,2685.6649605903285,2775.05896548566,2639.2412888806193,2640.4594766295727,2787.542521790165,2899.6281491845893,3046.0335144016744,3070.084367025249,3097.65806900191,3353.7783383927963,3321.771242550914,3250.110269583712,3061.692511153875,2929.7004314615765,2825.4253682750946,2754.182941371931,2870.3331805244516,2893.2930687018,2971.9232658646165,3032.624126056499,3307.327625113337,3370.5330155626207,3742.396490114046,3744.016090980178,3818.36382670332,3988.032690364451,4153.991960503942,4180.951170341188,4348.1723335437655,4509.592336429394,4721.582932286839,4872.266405155323,4883.323852899719,5030.907541118117,5149.468629083438,5436.937829809859,5683.447254273158,5714.212070454403,5423.214448176176,5237.871818672796,5249.070605658474,5209.927860961838,5441.289291057042,5648.0937277337825,6075.290156563777,6134.474556438729,6547.261236137283,6384.645573723901,4758.280049933762,4847.708238665066,4872.024105758753,5380.599857705534,5104.25535605548,5167.912743262308,4697.394330022176,4306.384858867613,4833.816450588081,5144.986046964847,5644.276909128507,5670.35634852839,6112.496425026867,5973.630646777668,6058.087650125589,6580.593745592713,6538.059441309212,6381.71653854482,6579.858584728852,7254.306347859282,6917.025849722641,6524.726911671946,6614.830128452033,6535.807491660623,5237.844709702874,4805.4680912643635,4639.115169861404,4038.6122174702446,3781.459549905736,3958.1690879341395,4273.60723578222,4271.298931481745,4649.2672944990445,4357.888574070603,4024.5912913320126,3913.4104896796,4157.146918849106,4628.235412356056,4564.682062580496,5185.038823260898,5493.55684365577,6318.164911323189,6588.9586557942885,7134.819357693585,7245.396491699533,6895.969658732917,6875.677433463362,7183.093256129441,7439.034176233329,7833.460915802894,7907.803765444338,1948.143172965933
LSNGP,14.943610859960412,14.802698308407257,15.429417230410328,15.022107398803426,13.244342300106396,12.982132992935941,11.633259031456422,11.530682164303323,11.960263380686477,11.311707238625097,10.74151447030284,10.873991994900274,11.405589256165973,11.325522106247593,11.537026459916973,11.945641414042326,11.99000032093885,12.061827327867897,12.003914306810584,12.333134256079505,13.418872548051814,14.02943003661669,14.686835585699002,15.306118748926803,15.232038272272803,22.003858865189088,37.54687669966679,43.9665647656622,42.77962855065994,44.19596315638085,44.34078647670925,46.67581599260801,50.070268419527714,49.826355747668636,48.498377936714114,50.521982911274776,57.79895289833686,55.23300017809878,64.9898171233422,69.32743082465807,79.11914334666453,88.84929064048067,82.53499423456391,85.70165494285979,88.59929623431667,100.68339604936033,103.41198903987267,109.60765668967228,110.4067783558229,99.52453990608524,94.05552124063763,90.33082646868789,91.72911884959493,96.11319474800943,94.48544065438776,97.05098499830683,101.74954413465962,98.79096856636806,97.58894308909838,101.22786297877485,108.43733202910771,106.79678762569968,115.94816177535886,125.34750943892206,126.21446999095751,122.0025844767438,122.34154762888836,135.6817431237405,147.66708298559047,135.3777499776169,,,161.196613701012,154.05848371508105,153.48124916773955,151.6448701314517,151.5720482610192,151.56238189382418,151.6493231695296,156.04568267137,157.23278726038757,153.08961297231053,161.09292588281716,163.95758406875012,167.40551533944299,156.38984346423908,169.53848745673724,171.03823780783293,173.8210045418232,179.11219414991785,167.6152959321713,162.51952949730202,152.36768646480448,111.9448185991816,122.70451556109381,152.26659154092445,145.77969841593014,135.35104559183017,127.52305234314028,121.92370564186677,122.48310063609506,135.37931422491693,121.83935139403339,122.4801277997529,125.45818842309738,139.52770524997737,149.7824453293192,150.37332637971147,215.28639736212764,206.43156092523276,212.23611735811212,204.18484441323827,201.775325021712,199.38663305845466,184.88714435965687,203.3464486689531,205.15269961660047,198.67059910907687,199.78074404126204,211.0605909062993,
LSRG,616.3921518072545,591.8976343023809,585.5968631600574,629.1686906451924,609.2125818469312,605.049545467066,494.7035144194384,468.9375287338999,542.8092358948157,635.8563170388911,632.5007280449803,614.9072999316171,606.758083884093,583.0341309589872,584.6032696840624,560.4365799514806,589.8963036225614,632.6754107876064,683.2755864578971,651.1086396859441,606.3917183556148,660.7876451285008,666.9243470759576,647.1417859708617,765.2375539132004,874.8445736283435,894.1401638181143,891.7929251388181,892.2057787448119,895.8753560236711,958.5990176567525,1007.3994744562191,983.0388152968204,930.4358965378735,890.0345208572382,887.6099829316979,852.3852051242984,819.3922326013605,787.2740902704196,805.5093351906862,810.5456733998392,812.3815176786093,787.705295738638,836.9466721654762,830.6130718465944,873.8789255981917,838.5702328377531,836.5314878063509,847.9231994040783,793.6208381280586,755.2336016927758,660.9493075305465,661.8322704374647,635.2163671428859,629.940443847436,630.2382713936823,648.2552124042767,650.6645430106857,646.0275050512518,663.0611590528728,738.8140793051018,765.5634302442426,734.7572834780322,746.9972566893573,714.4982045106506,755.804963493306,758.0970528321611,852.4735034695763,901.4463269353585,659.0447874358047,591.6450717947396,610.0169240564367,666.5932599694049,727.2093102174357,774.5864083312679,834.8439776800002,886.3632080417,924.8415286465806,877.5746038477515,916.4264221133375,931.2685576679302,843.0851644063273,847.795567344908,823.1970455020642,774.4765654257124,764.4069014751702,772.8612679814502,764.7233059592213,756.5002376681741,741.7637083590909,649.9447404802945,664.876109353842,691.8869438532788,502.3297659540493,515.0711841629239,503.1999064027221,522.4332306064089,559.6314439813922,569.5311391937322,554.5964088113968,466.4426722688909,483.89122894094044,462.71380059854005,461.23273070186883,470.23041692555995,500.273809890448,527.6730598370107,548.3916595069181,806.6773987911384,743.3551085778583,760.1410816955947,709.5204806119727,712.6117073854708,679.3394349052983,638.8859598975744,709.2860557150923,813.4332871183393,966.435583459264,1092.0033740847355,952.9519772278512,549.0358477446263
MAGN,6.73527838374462,6.710596151273507,6.974795909425682,7.5958758346629915,8.217253594692751,11.428441185387321,12.532262011284702,12.457078408165964,14.121682819918878,14.853469428760233,14.840643065087901,14.81131193945411,14.766039163807424,17.550510880775157,20.255166657177192,21.194371552909555,21.155842751317966,21.852898402111723,19.134061346072496,18.349719383098464,19.157434153422173,20.803785701419176,24.151080611020223,22.8074356170806,24.769030340710906,26.933600494215085,31.54480209757422,30.1962477827943,29.12214979106074,32.43879864138641,33.936808232164175,34.6751218356856,40.60264423210532,36.5585235043612,35.44798546056129,35.51186878709169,30.522682437043922,34.69499245504045,36.87016359753083,42.0537187244955,44.71503002127566,45.28567394340922,43.50544534679331,44.4649958607579,45.66350960707753,45.384770058980926,45.35539741334259,46.12076084221695,46.60490120102115,44.315503582749756,46.89250903062212,49.860551689343716,48.74636399032591,46.72374792433159,44.49041355429353,44.1242127455364,43.64800136290542,44.76476036318134,44.53172086446227,45.09204735026223,45.47424905735546,44.26931188639664,39.726278838233014,40.80770484089543,36.87370472112485,38.21507612989221,40.36604958741265,44.60838123245684,44.8338036202907,36.32896531967206,39.451536155866734,39.095363298626275,40.378022998412995,38.66165381581524,39.623396300222836,38.19154646127979,36.376351874535416,41.023359549656426,50.839314695054576,55.74638595725518,52.29052394675305,55.05081989723342,65.00160474416802,65.12016428184958,63.709611258793956,63.04016402955422,69.21240096136212,75.25045386524192,69.09777075128038,63.389367188297804,64.37831538099387,64.48212654167145,60.30199629574232,44.619026139463045,42.239968250027786,44.12583391124112,32.92960692921201,28.729241662736122,26.195904301168085,27.63431663312866,27.4624914825094,30.958236686391192,31.858910127355887,33.9170624085646,37.79126608549338,40.03267763702484,40.64560125599421,38.32969491508478,43.825111349511694,50.274610714009874,52.929006035088904,52.12757124754727,52.74628414395143,51.839704129695086,50.85716038941496,56.18534514057503,55.40135703470609,55.36485088310967,56.82623574911961,55.0824299618635,
MDMG,,,,,,,,,,,,,,,,,,,,,,,,,,,,,,,,,,,,,,,,,,,,,,,,,,,,,,,,,,,,,,,,,,,,,,,,,,,,,,472.10335022304525,456.09102312807386,477.4329325211619,496.766977200214,527.7865620195007,591.01507357821,606.5603200217009,714.7534576553676,811.9124736163084,832.717705801591,868.4188749264194,837.1594932126552,849.4829848161547,809.8866073425029,790.5715622265549,717.8987392380773,650.4440992621676,536.4131737161833,458.77087637738344,367.1377952503868,412.52023493129576,453.16688060973,440.4793030681643,437.435412206833,459.8321055319565,423.38944311017184,443.13079123004655,461.1349781659695,485.5231787027264,555.5888612519201,535.2414778316603,638.5339524713505,662.4146213975037,762.769261625196,850.6183868050806,852.6719302009125,814.7888458647841,759.6480461967038,818.0308782744161,960.9335533700598,999.6725466246373,1046.1362529169514,1134.5610593676192,
MGNT,8901.876886762502,9544.196656725155,9311.08142758724,9687.735419025117,10275.437652986635,11769.087814223487,10843.145607429436,11053.343996603353,11347.898210046485,10934.004091741215,11787.51124036287,11140.249521024783,11111.228577701178,11583.873740118754,12160.442667583638,11678.88916455992,11634.583837339133,11600.565250441137,11252.02077880307,10751.07220567668,10481.029289469701,10835.67815270406,10044.732686196043,9067.848620851997,8825.76356052076,9442.747852692057,10520.838994876283,10505.306504470562,10415.004513493215,10198.057909906043,10537.971906784784,10118.996273825705,9629.946628062951,9382.288141381592,9131.99158048612,8847.090656560624,9309.87396561376,9460.022465864218,9629.144201035846,10427.888841900198,9185.851641874402,6908.760073545526,6357.080829681453,6272.804911462839,4828.541438992919,4932.883515721806,4747.694076240772,4878.905224911681,4769.301680983393,4403.315665783117,4141.873609409648,4091.1612537086767,3615.640030586182,3572.5230826433863,3585.9570852889324,3997.8780179453156,3980.6147779874564,3786.0639683109935,3613.106639753212,3771.638237319517,3773.474043846268,3829.6354227944817,3589.28213426749,3604.893392930954,3273.9047097351345,3301.1137714450533,3290.8850030504523,3605.1886142377834,3613.32767147784,2926.6027397771763,3284.1904501744107,3708.8263940240504,3974.295261282089,4449.716780642025,4632.011181398414,4735.065693287276,4817.484939473382,4898.080617245958,5324.653545347995,5289.884064033659,5100.75297536134,5201.563843474364,5165.774167080207,5169.221825480636,5439.885953077543,5255.705503061311,5514.204496782866,5632.651681958132,6335.265996921087,6333.043562315659,5665.203176867134,5192.8608099494095,4878.557961692085,3640.8960438806266,4258.041583953583,4710.5409341565,4327.64618557948,4371.69215089405,5148.447369451613,5207.971205433922,4964.105037784089,4982.600371133288,4451.903732346299,4527.460469048065,4611.528260491647,4532.487785376687,4672.386727148413,4488.137384680245,4628.421941517511,5577.492002046256,5758.739909561982,5675.16539811332,5714.346415263927,6052.7602936594285,6479.380042486276,7031.905807663969,7326.053342186485,7655.681248105965,8078.64734690213,8268.596862173354,8163.827993084526
MOEX,65.9857518227501,61.59110792585455,61.217741273678406,61.438165081453576,58.77363758885872,59.703575828446084,61.146654927057924,64.04240237592906,74.46894758208066,69.03217012942444,74.68847863962392,76.53849030790764,70.99919160972479,69.15949073403095,73.22621360406167,78.59087963326066,85.88319044142044,92.24263890307873,93.38615382850368,91.72388700056538,92.79382907567887,102.417171070748,104.72758007610231,104.2687098922603,112.82234903095804,115.52006374252137,122.28055477020102,126.4397029605343,121.0883764401282,114.21442437085341,121.19730443398281,131.8487681197464,128.8647786672428,115.28434406293754,110.50958017971962,116.53326292516131,104.968293329233,110.11799566474204,109.93987860945262,113.36979794787109,118.95127643700442,123.79212778623193,116.02881495467325,113.24715756638936,112.85346523070184,117.67226770728415,115.71164976702754,119.96645631972274,110.77178728460996,105.63023804464156,99.9308593459048,98.20313993507118,91.46239935608713,90.62784233665303,85.17538149204825,89.42676109556585,90.45775693828205,91.6316642470369,91.52738848125388,92.21647299873688,88.58265110096109,93.09411342899263,93.75077469263493,95.57272245559196,92.3864375365245,101.51446926269463,106.89094024056268,112.42329495960023,110.91313702524234,91.80063835789134,109.13808136267345,122.7944926780253,115.59623875286813,125.44322500834522,143.0746580070119,141.59183604413636,146.52442350882095,139.14794008357322,160.66242758566912,160.6569533911794,163.38894736405933,169.34228444459515,172.50589406273338,184.3805653059034,174.27103594723224,170.91091009408143,178.4502876490865,181.8178279825781,175.83169749630628,165.27449810095072,151.62380417096134,145.53174448505712,132.1801630639399,96.09092390506403,97.26403346561149,91.5172324469442,87.17427343503441,84.22519849812204,85.92709525803772,89.33234098658603,79.66223392084375,86.6594120986799,89.58229340022774,100.12570032478429,108.2806803076018,114.93344803559057,111.54009609484986,108.7158299322808,122.80948838205359,126.19299027338502,144.95890906003092,173.7520595090986,186.08922633215232,202.93273864672736,194.9171927787675,195.99145041803197,198.39969737397212,210.08159953496073,228.8868256211421,232.61540801766827,60.39019992789213
MTSS,300.54210921138747,288.97910658609203,286.3288047885239,288.6928823011438,234.15264321233704,257.0365341511187,199.76364707327548,208.07177072842717,244.12359375941952,240.26394674669575,255.21331620434168,263.6661345561576,243.90399839152508,220.85665700757,227.57258006793685,223.05183057138194,213.99340007014504,208.57012061907284,215.40950935729342,211.67967948255932,231.19646278205198,235.43075353715824,248.86905443358262,256.4493951647384,254.49057406959705,239.47062842677056,244.26522219840663,235.529329715167,223.0826262604749,223.54663337943128,253.1124512704641,264.95807317115276,274.7807874104521,274.1766697844894,274.4112428840184,258.1701090114295,242.93032932997596,233.34723511084354,245.75100125645767,280.8316750455808,282.48636164555245,286.07223002244456,265.6889224403383,292.9556989361296,305.4761295820994,307.3861674315908,289.032552636922,290.84468544422253,278.1049690299252,271.0429469437611,255.68572658499255,266.087402371207,266.98724458439403,259.91404815221193,237.18969277260584,255.35213804499705,255.53067112535672,259.22926720341394,259.1873056007893,259.84709694818935,271.8112028091658,270.0760081829726,259.44752134836824,269.34438520772596,270.54489938552325,300.485535331756,309.75724306149175,325.0232640765564,336.3255779519094,289.69360462265496,307.7090968566787,319.76041061357216,326.03509012209656,324.0204473428578,338.4461419827355,336.9369164545883,326.03025796698245,320.13396896079973,323.5838933665542,333.79807052515736,326.8110704581656,317.41893116082116,319.30379991740034,322.15949167063036,341.5597712820078,324.34730726122075,322.0999935910067,329.6402196498456,319.95725536328024,310.7099276663891,290.5715971680722,286.8949112989727,273.16293313868766,202.90185723485843,208.5659096356212,210.8143828136797,271.57628549459787,245.73564932127573,242.42593281845478,222.61343326085725,211.17236916893458,230.7978039577796,229.90836858500413,239.06137999063645,253.51785178285584,255.2559564923935,263.07509955505327,268.25080830895365,330.4268899890941,294.16688385755344,288.55302323289936,277.74266361326863,274.42138456933594,269.8798792892275,250.07378371760484,263.8371513660122,279.4584388925688,292.72470615965153,308.694536164313,309.15716184788846,274.63934298541915
NLMK,47.820517699715374,48.55125107317098,50.87427949297288,55.490311087825944,53.082592574717864,59.26714993918393,64.98525617857501,76.46613370954368,87.20233356248265,78.37244897121293,70.82936957403882,68.24949622567978,73.73934294032182,76.87368436157503,81.81981900768058,78.32286328767515,73.16691290871447,73.42341888562882,63.731897111685136,60.906830906120604,71.88299930638013,79.04337375865538,89.35260305006607,84.60267545013969,80.64871163627284,88.16996206804221,92.55562169378993,87.60945925147051,89.2325839152872,112.68635892470759,114.46000523572026,114.11001833541911,119.41166543349335,111.46386776283734,106.39840232921085,107.92069462114765,107.91706643036926,122.6810058128849,129.7982133669472,131.40535519812016,134.95084133881522,132.18486717525275,141.84847912393008,151.1228456189397,146.95410021801968,147.053925980322,151.3630866584271,156.39099712290286,163.22776028667835,158.08217284819187,159.36549627480264,171.19707627375297,168.57668604205466,161.3485285949037,155.1735692453909,151.36652978121614,157.1299815633197,165.98295518065203,172.58858665913294,169.1091117870382,173.11462537738126,155.39011860650683,143.29863870138212,145.69449980619564,129.20658834052293,128.565388676239,137.1308898643782,144.73600361293524,137.98973945556847,116.05346899784874,127.21074084414659,125.12917424585694,137.72178592453753,141.28042144282966,156.4368029169881,165.156621974715,174.2983672942917,192.71229438405754,207.2141820237898,218.60722684191836,210.53021814679192,219.12794871826955,256.3845990454869,267.63355647085865,255.01340564134287,239.39281635622004,249.5566147717502,228.22567978628433,218.88674624244527,222.35894673888774,211.03127133673595,210.8956396922628,217.77991519113755,171.93824127208018,157.87830657588233,157.6944848104064,133.11632152930326,128.48982111778201,119.22078832508376,107.42234005305517,87.81020782554992,105.6744448151577,110.34912780237136,112.27148655824946,121.00395480738014,126.77142629794238,134.29097462262945,129.9699042429857,162.05586407360548,189.00092500522442,200.90994840625223,197.9523186314914,200.5758703431765,188.69092920165377,172.15163017002027,193.0522042050627,197.88721581991916,210.90878308666203,226.6064582052133,243.38959945000744,
NVTK,407.0093359970503,387.3767078650839,377.4268764246123,398.90085732447443,412.8778094812624,449.95138612697167,445.6574620730929,487.5816164328483,514.9319497373687,466.02648616130057,484.0095774357235,495.86212474208105,542.0227334199094,566.4661682367662,587.9938703826646,614.2665169791003,598.2974789784075,612.2716293317997,587.5330065171978,575.2632425431838,621.8175362838283,619.9352815245874,603.8038768003636,619.1319782123444,654.722662467709,647.6727002175611,669.1285860748558,666.0105981051388,668.4447299256963,690.5770723150063,769.111997068426,749.9941823921564,756.3295439190215,731.7178534237117,700.7466878477379,692.0687743512688,623.3822549166085,630.0768376333572,607.4740919447103,623.1971126633313,662.888032555286,666.2105160771982,676.4507028433447,698.7624273108542,730.9967795963948,739.1333093825824,744.5254788162845,757.8014124306486,831.0117264426617,893.4661942070773,985.4698756206672,1115.3507885267304,1123.0976579289772,1109.69969708362,1116.6713185945148,1125.4423429412448,1112.8105567593454,1074.3046033852452,1113.693082601655,1199.0801884690247,1306.5222335056228,1307.3806613263012,1279.0644173401206,1316.523790562783,1329.16773073718,1326.0582770271426,1266.3292722432568,1245.159966736595,1076.6843446917646,877.8280920646338,994.1458363007841,1039.2350637389495,1065.3258979842271,1067.6555125984678,1123.0100405280548,1094.2714093150414,1058.536254666035,1192.5221723444115,1215.9910144589287,1358.5441640209065,1347.0401879893866,1448.5255853056713,1435.5319901336409,1405.8664551770803,1556.2921361810295,1596.001602440142,1714.7885693207027,1880.793265709519,1884.4600800639125,1725.6091581941673,1677.939887426506,1666.870312726179,1516.6827294056134,1405.8248840785736,1127.46738977317,1011.4673829599737,905.0432531436311,976.533289878124,1074.4112688465375,1092.0948580749414,1002.4529473274235,1092.4765892942858,1042.5012515152196,1036.9724892635998,1052.9135824892553,1100.2551092821907,1267.8796007990481,1243.7701959792432,1345.7498985215623,1434.3044619179848,1629.5102752309656,1645.842514003153,1704.3951972738964,1572.4847857299521,1498.1965570907294,1466.8073408021028,1408.8889391694206,1365.2413721739244,1273.6968082666003,1233.285022491047,375.72094868540887
OZON,,,,,,,,,,,,,,,,,,,,,,,,,,,,,,,,,,,,,,,,,,,,,,,,,,,,,,,,,,,,,,,,,,,,,,,,,,,,,,3018.795013670641,3270.331930761349,3683.393155695501,4554.504943325424,4157.973315661816,4657.361643706656,4461.817075650682,4160.783978550499,4035.1299269735537,3841.6085781140278,3728.394779623399,3418.420027406378,3163.0234150396204,2477.217379940008,1757.191818013354,1501.0546100907388,1102.7965902385465,1116.779848556111,975.6104467146142,848.6406294753023,1120.6491001494958,1394.0583440563628,1333.0493437226503,1233.6028447933586,1428.661638587673,1409.3002311216767,1543.1504686442534,1649.5524977077487,1690.742294146272,1734.7324080976214,1635.0675981191819,1945.8216469695828,2119.7198403261655,2737.1336086562483,2693.3705181621262,2691.0098701592137,2766.421957086103,2669.3087259506915,2868.390939141215,3022.255616999052,3427.7261885024755,3965.2505304708593,4426.3346286087335,
PHOR,1216.9779315864062,1311.8701285377988,1314.750775081135,1308.6501660776573,1338.6226155440784,1474.6842948176543,1722.3761907197675,1992.0193083917056,2203.2283904134447,2084.178600851947,2018.195657937425,1979.6822094654315,2088.760973357244,2263.7538089893906,2809.718091727589,2817.9018287973727,2619.236225683467,2694.13855033195,2792.503421940724,2768.60388096595,2663.7085880460545,2845.3617831686,2817.1498261820366,2858.463485973613,2774.487220065904,2635.990990339098,2638.166179930419,2558.9190229133237,2381.0040019214807,2445.707962784667,2566.474905398789,2733.151678668256,2617.2192282080105,2389.8471460603123,2354.5481911544875,2442.415420649721,2268.568293550957,2364.634208414319,2399.0931575750756,2324.9177453371512,2330.729114089967,2478.2534651130795,2510.1142436305254,2516.492330226599,2424.3671150071696,2362.7221242620335,2400.709562737707,2482.7932252155206,2300.22560316989,2304.1672756926305,2371.300019449212,2611.9279916189957,2491.5364133218327,2510.099215298671,2500.388079323265,2554.3004644018065,2518.133094275895,2458.4819294978943,2376.03840036188,2346.7022907427095,2448.014248683017,2411.1649249681154,2467.4319960745433,2537.2161534678767,2475.5473637646414,2441.316932651021,2380.7691541940108,2453.6725076009534,2415.8636560632203,2309.0598034484215,2605.1863087855995,2737.171860310501,2727.9769290763466,2610.858092084352,2753.223206675068,2755.3319023240106,2822.5780612442354,3009.2946130943023,3107.6312264732483,3447.211790435337,3750.6640683775136,4023.9384847085676,4344.225276008183,4365.166758026302,4856.2516808236505,4743.328154274792,4653.360692695732,4943.511530218846,5631.7664491330615,5738.048209203842,5622.41765991969,5658.369261553501,5603.81907207604,7778.890155760288,7064.70734851235,7177.411115106025,7485.9904471558875,7458.50097382167,7606.306047511151,7478.945531308904,6033.139434209221,6444.981553318346,6294.494072299692,6407.17695696788,6656.730823689994,7167.572562232857,7258.581572052908,7116.700924365131,7456.304494218028,7356.473408732045,7542.267798922961,6988.122783360867,6784.366946171085,6778.760413421855,6681.791134264694,6740.604223396174,6795.099767941436,6706.084626908781,6708.135285557981,6582.493825122416,1177.4859540989733
PIKK,84.05269872624271,78.01613209702154,93.3054356443563,119.41638898424789,126.3379160272991,157.01677076639186,185.18041677435792,190.92623128693748,196.08702140419396,188.54814935403815,188.96477045883893,191.34092418609427,183.8115933064108,172.98388642305792,176.8353510945525,189.58020712318955,215.58711150309165,228.31288470279878,220.1956216028645,211.1669666791371,220.91639623140682,251.67736370414002,250.80534413798622,250.65872477338868,248.4802864863291,248.41618501334474,258.6959650721058,281.8950241032516,287.40221516390733,279.34492366399206,280.9953057953475,285.7977013532086,288.8339788153617,288.9236919494208,283.06771667457565,290.02160711754584,300.4681142633838,295.2323167671202,293.0502184738149,309.9277580770782,316.5240332115264,308.4142235873377,310.807500851191,313.95892723926204,311.39326251147673,319.0290090301687,310.2431190738616,315.0847183077307,332.52351851145914,338.87734778223097,353.5013612772058,345.92739774950337,348.38401625837514,352.2411463938696,360.1223433884005,365.40214874609603,354.9942224107248,353.25633195204966,361.9710252333221,373.9933931064088,369.65335849648056,380.284013244893,385.22073899269856,389.69288207762577,354.90312924661856,360.4206391648469,391.4716143426403,411.4608278539855,430.0874032407024,387.7197979208656,395.42136353417476,385.7175937021239,403.14151729863846,441.045554575825,496.7688958580536,555.422476726808,579.3593313125201,588.6389348561169,587.2852829137101,628.8470053253922,756.5104959036933,777.548310300816,946.3313202735593,971.6018361946241,1094.7687192554263,1061.2921778814286,1218.874553864616,1437.3437348066805,1228.5974710126504,1109.8278620003623,1079.5574588929867,1106.8430435137882,860.5616910364587,518.9712406570198,582.9561972744847,543.7958190287628,611.0724484461804,753.0495486298846,734.4154473855754,696.265615496346,591.8808662931993,616.1924909509876,597.4342396734676,607.045113450511,618.2561824796664,632.9884265632129,666.904799688293,658.994619632426,736.663399218525,770.8098188005682,822.5898217974362,778.6991955795237,744.5886951074494,711.3048566706574,669.035751154371,708.8608680970244,819.1298103683165,888.825628457574,867.8648521407785,844.2627761506413,85.15583119127584
PLZL,501.6887049017262,488.922817552015,491.62699915423053,497.69534675416105,477.0933747002722,536.1118418649214,1025.375188549734,1064.4520978030662,1095.3225721049444,1067.254462275645,1169.6101843123345,1628.6099459701504,1684.3502345444465,1787.1985794805428,2195.722446363359,2785.3822555399597,2808.83499196953,2698.3235766348507,2860.945082587404,3066.6017296125124,3270.6966915015314,3929.657902075017,4158.323071045897,4763.035765285406,4695.208600277187,4626.880102176657,4611.117717167552,4571.680637196906,4420.941542437671,4440.889248778563,4436.068749088676,4565.140734431069,4474.062607596952,4425.4497053058185,4397.315498800644,4402.137399907207,4293.580848945574,3946.106881014049,4228.172999356307,4601.047877777859,4643.8215601145075,4984.126918938355,4588.890866974153,4492.004426903459,4474.530439891249,4642.421544095793,3937.5141806439456,3931.7722924913837,3906.900138949565,4228.573231860583,4275.773793461509,4193.73922884277,4197.118434319585,4446.637640092229,5045.32923617212,5362.109046442396,5407.442149207901,5347.502023439206,5060.077950863385,5037.965497684316,5597.839623344947,6274.550147327436,7133.708341997364,7581.015587601658,7353.620080218829,7082.037342315739,6953.560039305541,7464.780505489846,8066.887968735452,9117.821135956487,11486.084304501315,11952.496417279743,10987.071794964639,13911.772095209668,17782.600546385005,16859.689854048163,16659.993055687646,15758.647281179685,14898.044911978039,15162.28233820153,14313.412810893034,14145.925750277958,14645.129182356766,14505.613108774443,14891.703782368777,14061.522649406117,13603.963848488696,12787.339175202842,13209.363876799503,14937.178905271909,13177.70855362782,12153.441630592608,12238.477582079195,11990.787996623418,13511.365508553852,13528.628149944509,10151.136568636388,8170.640562178269,7816.082966218059,7332.35288956202,5705.363750806426,6613.113308931441,7615.5488940451405,8232.245230134182,8999.500182473106,9242.558200772524,10049.065527651685,10449.813741742066,10636.872367834489,11201.969180803146,11587.822537212327,11478.353935746882,11633.811195009637,11261.423318061137,10490.262130530276,10973.414759059575,11071.226347390171,11598.151289159203,13690.521398194718,13402.44610159229,
POLY,318.6380220191442,329.6524507141436,320.1590688783784,313.9209415972566,318.62301635773275,401.17499602123365,505.8991058732877,580.747651855317,585.3156256618744,491.2626161021192,451.00409755730595,423.9650095008821,460.8720187089502,432.60983787759386,468.036263495286,535.1343736266437,565.408125203602,556.2419202639501,566.3915650896365,611.7268518653913,685.210324822239,694.621217374358,662.0154014377368,650.210633620414,821.5433632673709,919.0378548893657,972.1780843080014,864.0340246924181,682.7551391188824,663.3049378146414,603.7177133995862,673.8262299381071,707.0559748914557,696.5098795933374,747.7503199740975,736.1277222103229,698.5561425597704,690.3352696067863,716.8527499168999,653.0329731071494,672.1880830803141,700.872033285487,685.7898649270911,693.3236772188354,622.4450858703977,600.8905710117805,591.8772126012699,615.25553866401,556.7204281333455,553.6894294422585,560.196581098525,548.061860232225,578.8361823031184,646.8341443297912,703.9479862829962,734.1917165557431,744.4167809259677,741.1052285012568,691.7739258022932,674.3263455242443,741.8093848339676,788.2517315085295,866.1223018740992,927.8332468465011,956.0410859645142,978.7727299717708,974.7384106982497,1008.7928729636702,1065.2845951046722,1130.5998276003568,1432.0864876837875,1525.1162799325489,1317.5691907889363,1538.8967868424932,1924.5241191599223,1825.6395290346588,1734.5765725673155,1704.1770507708413,1668.3460319422863,1727.5623725524704,1635.8984642788444,1511.6449167448898,1592.4340059957474,1626.2019283714994,1670.8443737621617,1601.770784728618,1534.75257889028,1363.2036310326737,1299.105777395395,1386.857723296316,1280.4720877967923,1231.7773516815641,1106.5019831751115,923.4250718607544,856.0629449814157,708.2454158493238,470.9389271311218,313.99505877604867,333.73594191225465,351.74401219108654,270.04939872918357,324.1307068026519,373.3051703118053,410.80383425083113,495.50894419598376,537.4463909123477,642.1231789527859,637.2532210173785,552.8529044426408,567.589009446998,,527.235600095291,536.1021974787863,523.5810674401425,508.51128100839475,506.0894446258345,421.1154679099902,342.27825226546327,328.06056283415836,317.997015039051,318.4150723305415
POSI,,,,,,,,,,,,,,,,,,,,,,,,,,,,,,,,,,,,,,,,,,,,,,,,,,,,,,,,,,,,,,,,,,,,,,,,,,,,,,,,,,,,,,,,,,,898.1125207253666,756.415312943967,662.3152182659327,958.286270873844,980.3627906322796,931.7877622379257,875.2914431083111,886.3217270957715,1121.019327991344,1215.1483382894146,1103.791972759656,1277.6553440265202,1256.0907537620785,1366.9715030097268,1565.2617273646651,1685.0857442600543,1715.4829125715355,1667.053140967319,1958.1857533679217,2077.2279415333314,2207.6181610446965,2343.5289589146887,2357.560614008098,2138.6219799364326,1992.1858486718472,2156.9770659750443,2242.2973257507338,2556.0681298651834,2898.2932815141526,2983.8992231815387,
QIWI,1439.7842010921281,1399.0239827452742,1369.6501819996365,1340.1750853313677,1201.8157465048978,1372.3315959689721,1284.4780690489113,1372.9227068610528,1462.3831995070527,1338.9595920234283,1378.8608655549945,1394.7888538257753,1590.611167834419,1601.3515984327744,1753.4485838059409,1293.7072003538176,1171.979226569332,1195.6432761251338,1275.0629692842629,1184.3951358710265,969.4738524790182,907.088156181716,988.3535232206431,735.5865761581186,864.5470251253821,805.3053603298182,845.4799635373312,982.2511164731899,888.3466142888967,847.3291527950756,790.0038087171928,754.3528133201847,839.253694772031,918.6371019389597,975.235021621459,1112.8209885206936,1391.2357392434583,1313.7317185816403,1075.6407580183027,990.3206661316739,979.2831537334823,976.486494802471,846.1010840303204,968.7754754254935,919.3305793079487,1015.8065551618789,1053.3429964371971,1137.8374454176028,1022.4882174459957,1015.965708334442,966.7413421953534,908.198663434312,828.3117771839143,920.7601725433558,957.4863893528457,980.0010588473099,992.2534846269266,928.040392576822,922.0269383562605,893.4707608194914,1207.2886716200408,1277.9324327574616,1407.246457340971,1513.8056321160464,1268.9633040763515,1241.6075967655304,1252.4975643612788,1206.7000449358266,1241.1919564980199,961.4715640613782,886.9496553900917,934.0927212530507,1075.6226859459457,1309.56896736644,1433.470204630316,1262.328965152113,1266.565134945618,1198.1596738284165,877.9797400138249,770.1970653250609,826.8108383326478,802.8390584319976,813.313086922853,787.6105704350869,791.0312086854611,765.3852738591061,707.597627977559,625.3654633327097,639.8765360419613,633.0316590042164,583.3457500837584,584.6071837527138,535.4044109868796,490.1936384595141,396.9881107608764,325.69688408543135,333.0194812914778,293.3256605720803,329.4832599998788,345.97041657104825,325.6413737118083,384.74460553620725,410.5930928009315,430.2882988324969,458.758492751809,481.4196505899554,561.7165389257868,585.2140585875067,667.6848644203487,640.643502617228,643.5992309742941,646.077453357233,630.5801752217527,582.0509181611615,513.0195387604708,567.6052638095706,415.22293025773627,226.48413810013798,196.9293033593976,215.150001937145,
RASP,20.34845039771124,19.00621662979972,18.361563075540545,18.251312844674672,16.53562443037773,21.0373539484013,24.194602171314976,26.173608865027216,35.413512474494226,43.94878910316926,39.50039441852502,36.825819855164504,36.49487649824597,35.45532353308827,38.4720212040429,39.497323855781026,37.56677876689691,36.22904592120576,31.42654762585175,26.805541262775876,25.575620144921146,25.27899737591665,26.966825885680485,29.06776427866049,26.22213523276104,29.469875207404627,37.02615606435258,48.518575741424435,60.57951136570486,70.65604889036764,75.45946594463315,87.1620828125233,86.33829127616691,72.94303170760962,71.31160163314547,72.00690191593,57.451213253292565,68.8926951437001,80.04873032817248,85.21108143447263,86.5360586292308,88.08724819363135,87.0520199275779,100.2555779217117,105.06126394097694,108.3593828875823,90.91952233183405,97.25747946795126,103.8161497431109,103.20693533790526,100.04505397687738,105.2885617534209,121.21431314782063,127.26727407353725,126.77244212057825,130.7952232784952,148.66223958287463,139.91387767639782,135.45156958553727,136.8705994767831,138.7203374762866,138.50544628965102,129.22770201479466,124.97716326291467,115.38712127316212,105.41265750700629,104.16089997348115,110.79409019177766,109.10332490778482,92.68330231655366,102.18186184702076,105.33713613495475,109.639270417639,108.12053118189384,113.86574289909434,116.63090997463883,116.29716884168275,137.81861304428705,151.00408869994823,158.23113999157698,178.3951892326221,183.83906145815578,213.23531330604936,238.88711660818555,239.74841238918324,244.77941003691205,293.065001092775,392.30209096510356,433.4478017517049,421.8221772107043,416.381903881655,440.4855114406655,428.29315402615225,393.15079824673734,391.6261667795635,391.1713475110584,308.0771358645543,269.7937146809031,296.7072994642529,281.8258942480016,217.04482800023288,235.36447443612698,226.2094385007272,237.67589738801584,253.48247500636316,272.0379897739879,285.6826865637283,277.3853460242675,288.85089992309634,310.1685017849575,362.3386186029866,347.321447064509,356.27887891171656,377.82935719299354,407.86262937137553,429.6209752125135,408.88916551571066,392.1555559517461,399.2413873167716,397.80848527502934,
ROSN,249.20721042049985,237.23666793526226,225.6951588713564,233.66844677852816,228.82447096510958,236.9956658252876,209.45168290721196,222.47709519029027,263.8477306290003,250.27016823742537,257.9603767722601,257.8086643458565,241.08204967531134,226.8586499420749,238.7978919366738,246.12057169056618,252.23840192984747,267.93434493752994,251.3469285002175,246.15361072131452,276.2611924169331,302.03207356240983,318.3623794172829,334.9289407987425,328.179607893121,330.3729261037656,337.5932125153792,356.02968842224874,348.71974954091667,343.4574399206542,383.0229222778126,393.9000560384644,369.1763058432518,321.7558766714706,324.3616162539753,313.15380236507406,312.2314062414171,318.06970210920747,306.9840222742191,314.6479624661348,319.6499920239315,311.67989440527515,294.4902760371811,327.73206186385494,331.90301071014,315.4738886650143,335.4877417246845,394.16494179728375,386.4145977182283,400.9913472953607,428.7346994089909,446.453902929026,472.64583270461213,436.8068274305305,422.0777035001239,420.5131135110049,406.69910327740456,401.93830805435476,429.4737258533744,421.1878326305082,419.0129939971178,421.57301142935916,407.3234440655006,420.68380086528094,418.2174019691894,451.5501444159207,449.074461117426,473.8887331816456,458.3541398542034,316.2819682306953,329.18828356948046,339.2924731945197,379.8691995863596,361.0156486094526,379.0019966274435,375.2262830837421,379.06343765065174,427.0656889053631,439.312788597442,484.4355371124444,504.4439405403593,560.4140072428233,544.9241663320648,538.2252541750066,549.0746081710862,562.8331767177768,546.6257129787888,572.6788473804849,638.0414444787839,610.6470982594454,574.5583277119798,581.1217136790273,519.0015787231878,376.75521146875593,404.86897549326534,398.5990624951431,375.0939902292518,344.20680608447975,344.7472240039666,337.72153051892946,303.5352948723511,340.34927313757487,341.20901427717035,348.55763260579886,348.60576914843244,369.55127145088676,393.83981996552205,382.95511998344557,472.1588538693027,484.9186709682488,538.0852198381104,546.9948701442801,565.6703199408362,584.3239464053731,571.2335236932212,584.0368628869027,582.0481599646039,573.3504040555139,579.2543995023804,581.9080228744526,
SBER,85.84910487446685,80.78354223573844,74.44515081406243,77.46733378313559,73.70594576427608,74.90486734673296,62.9701474418775,61.46068634803609,68.84588901678671,68.10735431002226,72.25220308484239,77.89478728065738,71.74096550691112,71.6106561468916,72.54669221013731,74.70301750542015,84.77048139036158,99.67319920631027,101.08521733315825,92.03270240743458,98.69084878696769,108.80950331977031,116.62866786831009,120.297407734379,132.7013840331341,136.34269746753148,139.32201802515303,149.62385171413055,148.80759711239475,151.8039208221718,169.76080905037065,170.43952198148986,167.46477809649036,161.3769432836907,159.12953695004953,166.4060231534701,147.37146480479325,158.410747921006,174.04100323419576,187.70753213807325,194.16813230450015,218.58164383138467,224.3433107395121,243.02381894378777,264.44556417309985,264.61441589280247,225.05237176665375,229.19749011990174,211.94430891204442,218.70441520679395,191.26726178522645,186.49393520352476,189.6934649138266,196.00898938727227,189.12008728695926,203.14475898306026,209.80255970393486,208.277370281228,230.9478757842718,229.90940291621294,240.22569723715432,237.22298702681857,220.76683891528864,230.6301758855816,232.21028388849479,237.84282884696017,241.57959042644794,259.7199247385109,250.77649595143828,198.88107298146463,192.27221630403844,195.46010861495913,209.30425627661936,213.18182977994292,231.30760849579795,225.46238320803357,208.4186164500184,236.30273198026157,271.8642039126525,275.9289268201908,268.68208823648735,284.822613786721,289.2216111674668,308.65341163577676,311.54684396000056,301.52586057292905,324.5892117357336,328.65058785181725,366.8672040274761,340.2810956132769,298.35687421790817,266.3253192898453,242.47943253726766,134.63103720607046,133.51586160206637,124.19273848939702,125.86269933878586,129.75891354174965,127.19197374854143,129.1072972172715,113.69009419676706,134.02830382541796,138.63857100723376,148.96061299615636,162.75293901203403,189.3626288149606,225.97337069704744,239.53121134415136,241.4073614319584,245.99155437265577,263.33319129585686,258.27118158494915,266.114812613431,278.9253008044109,267.8685672636642,275.17604244920085,285.34799768054086,297.10378793410655,307.1141056535643,307.9173326245631,82.60842113351116
SBERP,70.08704101157328,64.87286389943553,56.495976953106116,58.68543824400749,56.308526071440326,54.61486584818779,45.31672669254972,42.553152540349764,49.11443031073388,48.95285611787683,50.73742101364846,51.28404024386262,48.76240764464863,49.44350607823639,52.516359286504795,55.10072606529744,64.1822234128047,72.97610154375825,73.25564630774188,68.92455926717992,70.96756596482602,77.7722327217299,80.77536695320912,82.17616759676791,91.46351235092455,94.04985438815878,99.43374323980142,107.63994680743195,111.26871245739135,112.29860754210586,125.2155340853169,128.78017080964938,126.92926485678208,121.9312565456194,119.32304214842596,127.98079672099648,117.8656161922552,131.23370920731344,143.13269187809905,158.98040851156176,159.85923723024717,183.5462285493737,189.0771852521668,203.9355065721182,214.90550842675393,219.34392694258474,195.37164109724802,196.63373721243042,188.06652187384765,185.3547069420905,165.74356088559907,159.7835086271946,163.43427570315842,170.10716056854451,166.82473586200234,175.52657518368073,180.54069473829418,182.39143517456654,200.94916786203538,201.6176391408682,209.4723703763864,205.612187836157,193.23992050847858,203.02200962674908,206.02236987589723,215.74665919510977,218.95984907087083,231.9351987134408,229.48099295816868,187.56933948066361,176.53045544204716,179.04045722153037,192.24207421109116,196.3176106709194,214.99110436147635,217.44520456112906,198.65697759931018,218.4312451757377,243.55134391109033,249.32226883407756,247.02254155184778,260.28506298894166,273.253665314765,291.7034965467272,289.845035734779,280.5973460889059,302.075671950931,310.38686758440764,336.00139413651544,311.541531280849,279.9714441732253,255.66664858340314,232.12020921345504,136.18959119033215,138.35084785247915,125.48591544525836,120.13271892094497,123.74819539051192,121.77520327708464,123.10757415831978,109.12863413855409,128.65434989279106,135.4632564829027,147.67880766163472,161.30813764497114,188.5045418989842,225.6071846978998,238.86191305830098,238.86235068849723,244.12705775208502,262.809896552372,257.968643196628,265.80950278658054,278.17155907862514,267.66473944532,275.5036226044387,285.39952263409674,297.3733493792983,307.3729435255374,308.05015385829563,68.096689112196
SGZH,,,,,,,,,,,,,,,,,,,,,,,,,,,,,,,,,,,,,,,,,,,,,,,,,,,,,,,,,,,,,,,,,,,,,,,,,,,,,,,,,,,7.914647189200227,7.96180113025917,7.735886091682496,7.359606690533122,7.531989808936925,8.733297691436364,10.101282349004574,10.53175796355823,10.830515894792576,10.28727854522297,9.408278275065378,8.825218087656864,8.968365208762087,9.019339534785166,8.331632653947139,7.846303683518381,7.553871793550129,6.4851236814132935,4.980096261445671,5.048850052301292,4.630037123849539,4.749450308550525,5.0661741151656585,5.278134606405709,5.620056002318615,5.363793742714802,5.334552715998982,6.181098235981553,6.13867475302786,5.438920464465715,5.239612214853103,4.383784267630154,3.980147345007797,3.988155933398093,4.026907890866633,3.9045692498964626,3.818255026511743,3.7456316784894788,
SIBN,151.07844496206494,142.29531095382495,139.4261004276502,143.63072226408914,146.9918875178109,154.89591612869427,148.77892453671723,148.84399459549837,171.2555898316583,162.39218743436612,150.40267701271512,144.07856346238708,137.39095677560587,136.65310886797596,142.72328302081306,147.74606847602448,147.6192343019373,146.18775972198097,150.1228783535738,147.03914777595827,145.839306383193,147.273847598048,151.78445468391442,154.31800596067788,158.60884860662395,163.92559714530415,168.46083460106766,175.7064660268772,178.8758752240307,187.79144492452457,207.17074282640576,227.33713187739016,231.39809854784193,205.63569567923895,202.9468063546628,200.06592564436556,191.0774645097709,190.80051351405768,205.9365202184459,218.60206283267357,230.90087770752126,256.826418149694,249.25856274473998,262.4128060582967,281.96539686078415,290.92040076732644,302.62610990863203,311.6336696070391,319.40315440704956,334.6444905136147,333.26990713737774,336.88415725918156,379.6465085958844,371.48595240142885,362.73730053029044,348.0133132277432,339.693906177223,325.38470452615195,345.3837256859457,357.39223238677704,389.23166925121205,410.9176933340651,420.45967329473984,416.36042701421917,418.0223828067873,421.80169071483004,420.39054463502,451.29020419121815,448.89520431635555,312.58655905146423,322.9531468502756,331.1755411133483,348.4073380061365,324.19389352752034,322.65136447478426,305.3106524292766,282.5577030341107,306.9603226322533,322.209393567748,330.8245535406092,336.2068800893038,367.5984467611644,361.3240124007312,369.7065004133521,417.81797268263324,432.33644633820893,425.232155635713,447.79681881635133,511.6368416113713,504.28217191007764,529.8358022520325,519.0847359767629,495.3503543151627,411.502518764756,411.5832552892073,404.6985348816138,424.2742740923126,380.1998714428494,394.14198530281055,401.42940826246195,384.7264776688633,454.3748740827404,476.4537501426583,449.529001978612,428.59090571070664,448.85919995097544,493.698459353281,479.13305393215296,522.8653925443344,532.5551085267992,626.9168820679498,665.0463173191054,758.5583812010859,848.2481364993932,869.1452491206625,837.9386266509448,816.3220362562529,788.180475141498,760.5718703664112,742.2443975758792,
SMLT,,,,,,,,,,,,,,,,,,,,,,,,,,,,,,,,,,,,,,,,,,,,,,,,,,,,,,,,,,,,,,,,,,,,,,,,,,,,,960.4950433583905,946.9050952629335,947.5084343520383,957.1263258668487,1065.3902806440553,1213.1227209930232,1474.3551326369575,1533.9855954279137,1644.8065659643275,2033.3339143370604,3000.18940077766,4767.323103206002,4863.518340958701,4793.016840666649,4956.789694939684,4727.286140504482,4279.222067056526,2454.24448319023,2572.6587704712983,2530.0346237586546,2413.5407661469353,2752.9334553421104,2836.55474870195,2826.1617122442226,2210.5723361519463,2498.8619999584344,2416.89843586529,2477.387529696029,2600.5610318864424,2538.125347738591,2629.6083641232917,2541.989055039726,3095.2965609361863,3378.4218072304493,3717.75279750008,3764.1770696530866,3991.1563777151605,3964.750238855057,3886.93994053744,3858.6862071023124,3706.8135152592754,3604.701291517175,3711.785911396002,3665.0027906775094,
TATN,217.50865806827983,222.7237366017861,221.0778461725798,236.78654909917907,229.13219490253212,252.76701204754156,235.4554439780385,262.06139858450666,325.92641892921546,290.21246482247705,300.2171311661585,302.76659520287717,295.1302432158355,290.73005766691654,305.40990320686115,310.2012380488249,326.6287008316323,342.71486881987397,312.79765189052466,305.8741712771107,323.6816912088526,348.37656942598295,349.5435355286387,323.86073283959314,321.314764464159,320.1294584249673,326.0600209035365,321.35414800240204,329.9673173114403,376.0526528828048,406.61753153497483,422.6678646985476,383.2047812547992,356.9424795446943,341.3000748105071,369.2437917202277,367.8086996944273,378.72896305156854,384.13021793403425,396.0831315266739,420.92708897353873,475.7271880227821,490.7466300142638,537.5438344812165,568.8739959949257,606.268681744773,643.6534364933269,663.2187672061411,661.7438092505885,694.3259268323135,753.4175118883832,796.835960784914,792.4946711208376,763.3894197154398,732.6876565996585,749.4984557050353,789.0415546305569,755.2616791406997,749.2252385113046,747.3768190775571,766.5616385086611,745.9108946488911,725.7620535051631,739.032422226549,714.7834050513359,763.8730050949955,770.4883070036836,797.9032503808128,749.2298785616977,544.8614541347348,549.095902844471,546.1256101317585,573.9959887281988,558.2900109873323,572.9439613338678,509.7498929148711,438.4612237652627,493.4757523355139,505.5495465904918,524.0432866882106,521.501717402122,588.4557796569451,569.8440827682842,513.2984315537194,526.9300787820871,508.03204705709084,494.8722586488922,499.5620534652118,561.587474776223,520.3105185472948,486.4725135777762,491.48082589049744,467.61097228392714,405.85305142427336,374.30217879004385,372.43939546721305,421.8063041606532,395.3663404818033,425.50021551624195,414.3878699845722,367.7179742023319,377.67610529034505,355.169695502082,340.6304914798634,320.68172928785333,345.9824795063741,398.38240543325617,390.1247261523229,489.2557680561683,499.4861585639542,569.880851663497,606.2866100205084,628.6736425905767,621.326015545439,651.298262280107,700.1479858368822,706.3448654751328,718.4348500498627,715.8600448020691,718.871121374621,213.58929766841817
TATNP,127.23613421545203,131.93460239982846,133.27708001369163,141.038673130998,139.8781686697289,146.9581739685812,138.0849680400136,141.17720022075684,175.50120847612322,164.818729847075,165.74916247088575,165.93600923077244,156.11556236285392,156.85533096987305,165.16863166751926,177.3561548705995,175.4160193383844,192.61815012778624,187.74883954511742,189.49505424764646,183.16067158348426,197.95227029410634,197.48456134358383,183.86994939344783,175.4879354520594,168.3292992228508,173.04946587967694,177.7447462861366,189.35704680768802,199.4945660028133,223.4629746257838,230.92356466153004,223.09440170791922,210.08883761823128,211.4866637134698,243.92258943752435,271.997330061228,269.12349093250253,272.7208450101935,278.04860162947324,303.48589640052074,346.3947714331772,375.47161826635704,397.15951803514105,404.81234448922,410.2520323740942,437.1698025812116,467.4338861504752,466.3429703190956,475.01671433792467,504.9512097762466,537.3156591964439,558.9336481882764,531.6686550484116,517.5657653102994,527.3404610275048,559.9535079926738,545.4561521317145,579.8259772473652,631.0887415666007,617.6447507466925,641.1557004999422,642.1954057884293,661.6797871556375,636.6701254988744,673.7118334690567,722.8501822150838,749.5289954484348,720.5448738470466,523.4219614006493,516.2464376033864,510.86868122020803,553.7641094191792,538.293889227618,552.8921959567169,495.8125854219821,422.1478863835488,467.0638079665788,473.6433807269712,485.3109229428182,485.5193371176846,547.8133535229236,534.6981240750421,478.4129834936904,502.39592697643656,475.5862046644052,462.96149165069534,464.2394813057737,515.0513616341591,472.09459753136366,445.2532388732543,446.96262689989055,421.5616720286419,336.82321877480507,336.9782488765991,345.6978374401486,379.3775399131572,358.3839205198628,399.88112474328614,390.9630975113629,350.05755504151523,363.314461969467,344.2009500072001,335.61918557897457,322.108863820665,345.9480457449257,396.64490806772153,391.95154483240094,487.47340863507384,495.6622350796899,558.8737695960149,594.6861737534718,626.0946191085453,616.1577054214316,649.0184064519381,699.4232513211632,703.3782208550996,714.8221268776633,716.1238143424941,717.3292454146213,125.32354205078747
TCSG,,,,,,,,,,,,,,,,,,,,,,,,,,,,,,,,,,,,,,,,,,,,,,,,,,,,,,,,,,,,,,,,,1210.591889326548,1221.5402945706019,1254.7029183932766,1425.3530217898922,1613.6900984606532,1071.4908760127962,918.2629363417095,1026.3290993693367,1306.8273959347575,1633.6694538366612,1863.2702751587951,1929.9249875784656,1897.4299182071009,2208.5458592131017,2375.7734514193457,2972.8966376773665,3627.2952516244964,4155.214011784011,4497.114532376377,4454.230721506459,5631.002505822817,6481.181901764155,6854.716768903631,6675.509909600421,7379.168270277891,7404.80389694362,6302.029948693887,5461.531247553839,4978.162071227689,3117.147568251448,2931.970436829986,2437.495337533059,1787.535033230748,1929.6197284419295,2305.459348656947,2722.472867197142,2530.296338271215,2680.687972687979,2570.8155013649634,2663.082628413944,2638.3038609578834,2511.703312732522,2654.306592230972,2657.635402482358,3359.8393615018604,3366.311748698621,3570.9757922672898,3458.2129277263275,3410.260572210884,3459.5226515727963,3096.576805388869,3206.6309881474963,3137.766076981535,3116.448973339956,3113.7698033336414,3109.753209140324,
UPRO,,,,,,,,,,,,,,,,,,,,,,,,,,2.73207566371211,2.870385920380247,2.8044876378791885,2.764201083132914,2.822500295724694,2.872418911046671,2.904695547816509,2.7379575099513067,2.597984480418626,2.6025105471442496,2.5493490581260434,2.5669103950610195,2.4368624462809003,2.3463304322188305,2.3760852227921654,2.5057610829690926,2.666625397897653,2.597389923494736,2.6071066923966604,2.6249097872336344,2.793323676851679,2.751606423314648,2.745831022178866,2.8599714584714166,2.8207946004143243,2.636778171204103,2.646032697571668,2.7605117829970873,2.752140982071864,2.6407680909531748,2.6685057785527486,2.7449763922666133,2.62813149322018,2.615119707968198,2.622751657015611,2.5361197477863966,2.62961718225721,2.6613728286842093,2.6903281309091645,2.663317089550887,2.6838464485247724,2.722678201032526,2.9150445626508534,3.050262438614984,2.6105994549151244,2.680243455228074,2.7550526173511836,2.7656919066588004,2.841163422145712,2.760171126655096,2.7709353341688594,2.6975336144407303,2.727019581748758,2.7827788382262684,2.8973824829139736,2.857445563424027,2.895490080843374,2.886138050288029,2.857911384882905,2.883430699496795,2.760610506659229,2.804233433956125,2.786833424812879,2.767291518979419,2.7786653586292567,2.688224409442285,2.5330182182031336,2.2933077719997548,1.4741769954774178,1.526947423369577,1.4174685296943659,1.3778863795030527,1.436560923051761,1.3851271917935688,1.3064930715828107,1.2384334832990884,1.4043701434872946,1.3283920377226446,1.3985719886369081,1.5490628313467065,1.7381355986685763,1.9425080633619707,1.80732124434707,1.8533944448068524,1.8927197519654384,2.1252353158286863,2.3969318375229367,2.32560439285977,2.263406451655238,1.9719181031824933,2.1076527276351915,2.196459753723368,2.088476287798172,2.1357300593271487,2.187871775155668,
VKCO,,,,,,,,,,,,,,,,,,,,,,,,,,,,,,,,,,,,,,,,,,,,,,,,,,,,,,,,,,,,,,,,,,,,,,,,,,,,,,,,,,,,,,,,,,,905.9837146854279,705.9978838075075,553.8907193903074,546.3944543527533,458.17073181451485,388.13466289556726,303.93610111107927,333.97837052795614,419.41704245415735,433.04208548749807,420.6839761694707,490.5179359367799,460.40657420577594,467.3868612359353,477.4811351874831,485.697129209205,476.6914307651752,477.04189058738365,623.6784710366079,652.0678714352543,735.7047341991478,703.2698859568682,602.0052559188923,616.8132276167976,570.7418477210997,636.8868587627261,665.9943827187741,636.3341713453776,604.7409409094444,579.9881999451857,
WUSH,,,,,,,,,,,,,,,,,,,,,,,,,,,,,,,,,,,,,,,,,,,,,,,,,,,,,,,,,,,,,,,,,,,,,,,,,,,,,,,,,,,,,,,,,,,,,,,,,,,,,,,166.55465945572516,163.25168440053432,170.34086625816312,194.63622664022344,236.52096208273596,216.99160705457425,222.5615490818604,228.28565275092365,251.47506387309622,221.5161105069353,214.94032647539018,224.89165193435838,210.26348022710357,232.69695931769598,259.270868349102,303.1959896114898,315.695741146609,306.5942864914822,
YNDX,1184.4509895060914,1113.680892806342,1063.3638882976568,1147.197072062125,1095.5571238295454,1224.9149661067813,1106.7354904629979,1113.6332322282442,1056.9813749241725,907.6076444114508,986.074369403088,988.6025661884481,925.6582990455009,867.4229852740561,818.2749201376807,781.4302071558176,821.9845566533118,1056.3903309963223,1082.1280828212355,1013.8431340785953,1008.3348989224346,1016.78656748844,1122.6302566772695,1304.2020651602272,1394.0165140303502,1398.9965387544896,1448.728357605738,1378.6964006011374,1278.5471089892137,1208.5013868268115,1245.2532361644323,1314.1181290088923,1368.4444412857597,1325.739409772788,1316.8065877831057,1564.8638496094104,1544.2338706114774,1757.2109604744098,1775.6548945805398,1866.8963037548806,1877.2380454489396,1954.802907946391,1902.6242557122223,2051.6164719641815,2258.850700003703,2389.9361336822485,2150.253640914357,2147.8794527182436,2220.451751287057,2327.307985478097,2166.328964117505,2151.6475371217575,2044.3179726662622,1939.7663602028742,1886.6983532146724,2031.7595456161494,2192.203260336263,2318.6079322659907,2373.580075288294,2396.5159892482566,2431.5090026035923,2500.541054583375,2421.827859999057,2417.7359783441293,2128.925141143678,2374.809645425561,2646.0956511045383,2761.576876454229,2939.0377111737703,2542.3463110187395,2671.9754765496414,2873.5564449806125,3066.8100505708176,3854.4548873653166,4573.117145195407,4832.579495254504,4671.427997285809,4819.102809014943,5108.57443926046,5067.132286225242,5079.208850038625,4872.694647682945,4780.234990391903,4833.132748003465,5004.701128301673,5172.354911663222,5080.58075113796,5805.398021298593,5556.72121573637,5824.471444659024,4731.666480164103,3927.336051852994,3444.9375905972383,2141.812533824434,1942.2541496603426,1719.642814670502,1534.1338732376412,1761.1639886507614,1992.7410780188618,2011.2680672419292,1989.2767982711264,2085.86600974104,1880.6331074648244,1900.1020578370974,2027.0972478334606,1921.2347421395643,1993.4752779875587,1974.8794326725001,2456.9150243615127,2510.3484782629407,2671.3327627469607,2522.034676915482,2550.9824665388146,2603.2183009900023,2343.9894371160103,2686.393386020373,3291.94798503547,3749.0531756232986,4063.0163421221096,4256.586390727016,
